Data,Ano,Semana,Valor Observado (Y_t),Tendência-Ciclo (T_t),Fator Sazonal (S_t),Resíduo (R_t),Z-Score (|Z| > 2),Classificação,Contexto de Engenharia Provável
2006-01-09,2006,2,1804,534.8,-299.4,1568.62,3.18,Pico Anómalo Positivo (+),Merge window (rc1 do kernel)
2006-03-27,2006,13,2104,500.2,80.9,1522.89,3.09,Pico Anómalo Positivo (+),Pico de commits / Integração de subsistema
2006-06-26,2006,26,2005,563.0,-4.3,1446.25,2.93,Pico Anómalo Positivo (+),Pico de commits / Integração de subsistema
2006-10-02,2006,40,2328,506.0,78.3,1743.64,3.54,Pico Anómalo Positivo (+),Merge window (rc1 do kernel)
2006-12-11,2006,50,1826,566.4,12.7,1246.93,2.53,Pico Anómalo Positivo (+),Pico de commits / Integração de subsistema
2007-07-16,2007,29,1888,587.5,132.7,1167.73,2.37,Pico Anómalo Positivo (+),Pico de commits / Integração de subsistema
2007-07-23,2007,30,1917,591.0,2.5,1323.47,2.69,Pico Anómalo Positivo (+),Pico de commits / Integração de subsistema
2007-10-15,2007,42,3579,730.9,268.9,2579.23,5.23,Pico Anómalo Positivo (+),Merge window (rc1 do kernel)
2007-10-22,2007,43,2481,751.8,156.9,1572.36,3.19,Pico Anómalo Positivo (+),Merge window (rc1 do kernel)
2008-01-28,2008,5,3677,831.1,-102.5,2948.44,5.98,Pico Anómalo Positivo (+),Merge window (rc1 do kernel)
2008-02-04,2008,6,3204,850.2,104.2,2249.62,4.56,Pico Anómalo Positivo (+),Merge window (rc1 do kernel)
2008-02-11,2008,7,2200,854.9,123.4,1221.73,2.48,Pico Anómalo Positivo (+),Merge window (rc1 do kernel)
2008-04-21,2008,17,2263,879.5,-79.0,1462.42,2.97,Pico Anómalo Positivo (+),Pico de commits / Integração de subsistema
2008-04-28,2008,18,2607,877.5,34.9,1694.63,3.44,Pico Anómalo Positivo (+),Pico de commits / Integração de subsistema
2008-07-28,2008,31,2289,1006.7,67.2,1215.14,2.47,Pico Anómalo Positivo (+),Pico de commits / Integração de subsistema
2009-01-12,2009,3,2207,1021.7,-325.4,1510.72,3.07,Pico Anómalo Positivo (+),Merge window (rc1 do kernel)
2009-03-30,2009,14,2596,1021.0,203.8,1371.18,2.78,Pico Anómalo Positivo (+),Pico de commits / Integração de subsistema
2009-04-06,2009,15,2236,1025.1,48.0,1162.93,2.36,Pico Anómalo Positivo (+),Pico de commits / Integração de subsistema
2009-06-22,2009,26,2527,1025.8,-4.3,1505.42,3.05,Pico Anómalo Positivo (+),Pico de commits / Integração de subsistema
2009-09-21,2009,39,2075,998.1,-12.8,1089.72,2.21,Pico Anómalo Positivo (+),Pico de commits / Integração de subsistema
2010-05-24,2010,21,2270,987.1,84.0,1198.82,2.43,Pico Anómalo Positivo (+),Merge window (rc1 do kernel)
2010-10-25,2010,43,2815,1029.3,78.4,1707.29,3.46,Pico Anómalo Positivo (+),Merge window (rc1 do kernel)
2012-05-14,2012,20,2334,1215.8,60.9,1057.38,2.15,Pico Anómalo Positivo (+),Merge window (rc1 do kernel)
2016-02-29,2016,9,2432,1485.7,-42.6,988.95,2.01,Pico Anómalo Positivo (+),Merge window (rc1 do kernel)
2019-06-24,2019,26,2678,1585.2,31.1,1061.76,2.16,Pico Anómalo Positivo (+),Pico de commits / Integração de subsistema
2019-09-30,2019,40,868,1628.5,268.9,-1029.45,-2.08,Queda Anómala Negativa (-),Fase tardia de estabilização (apenas bugfixes rc7/rc8)
2020-07-27,2020,31,2723,1715.9,-23.6,1030.79,2.09,Pico Anómalo Positivo (+),Pico de commits / Integração de subsistema
2021-04-12,2021,15,2878,1635.1,34.9,1207.97,2.45,Pico Anómalo Positivo (+),Pico de commits / Integração de subsistema
2021-06-21,2021,25,2681,1632.1,31.1,1017.85,2.07,Pico Anómalo Positivo (+),Pico de commits / Integração de subsistema
2023-05-01,2023,18,702,1767.4,60.9,-1126.31,-2.28,Queda Anómala Negativa (-),Fase tardia de estabilização (apenas bugfixes rc7/rc8)
2023-06-12,2023,24,3077,1688.0,-2.7,1391.7,2.82,Pico Anómalo Positivo (+),Pico de commits / Integração de subsistema
2023-07-03,2023,27,769,1759.2,2.5,-992.7,-2.01,Queda Anómala Negativa (-),Pausa Estival / Férias de Verão dos Maintainers
2023-08-21,2023,34,2569,1698.5,-120.9,991.38,2.01,Pico Anómalo Positivo (+),Merge window (rc1 do kernel)
2023-10-23,2023,43,4758,1695.1,86.9,2976.01,6.04,Pico Anómalo Positivo (+),Merge window (rc1 do kernel)
2023-11-13,2023,46,789,1760.5,17.5,-988.94,-2.0,Queda Anómala Negativa (-),Fase tardia de estabilização (apenas bugfixes rc7/rc8)
2023-12-18,2023,51,2432,1707.5,-299.4,1023.95,2.08,Pico Anómalo Positivo (+),Pico de commits / Integração de subsistema
2023-12-25,2023,52,2381,1701.0,-325.4,1005.36,2.04,Pico Anómalo Positivo (+),Pico de commits / Integração de subsistema
2024-09-23,2024,39,771,1617.4,268.9,-1115.29,-2.26,Queda Anómala Negativa (-),Fase tardia de estabilização (apenas bugfixes rc7/rc8)
2025-11-17,2025,47,2686,1666.0,12.7,1007.32,2.05,Pico Anómalo Positivo (+),Pico de commits / Integração de subsistema
2026-02-16,2026,8,806,1842.7,-42.6,-994.09,-2.01,Queda Anómala Negativa (-),Fase tardia de estabilização (apenas bugfixes rc7/rc8)
