Data,Ano,Semana,Previsao_Commits
2026-09-14,2026,38,1986.7
2026-09-21,2026,39,2270.9
2026-09-28,2026,40,2130.4
2026-10-05,2026,41,1985.4
2026-10-12,2026,42,1952.2
2026-10-19,2026,43,2176.5
2026-10-26,2026,44,1912.9
2026-11-02,2026,45,1871.3
2026-11-09,2026,46,1981.7
2026-11-16,2026,47,1979.7
2026-11-23,2026,48,1949.0
2026-11-30,2026,49,1909.4
2026-12-07,2026,50,2000.1
2026-12-14,2026,51,1545.3
2026-12-21,2026,52,1431.4
2026-12-28,2026,53,1371.2
2027-01-04,2027,1,1707.9
2027-01-11,2027,2,2050.9
2027-01-18,2027,3,2113.6
2027-01-25,2027,4,1887.7
2027-02-01,2027,5,1923.0
2027-02-08,2027,6,2127.6
2027-02-15,2027,7,1889.9
2027-02-22,2027,8,2011.1
2027-03-01,2027,9,2043.4
2027-03-08,2027,10,2267.6
2027-03-15,2027,11,2101.7
2027-03-22,2027,12,2040.1
2027-03-29,2027,13,1934.2
2027-04-05,2027,14,2032.9
2027-04-12,2027,15,2134.6
2027-04-19,2027,16,2030.7
2027-04-26,2027,17,1995.5
2027-05-03,2027,18,2019.8
2027-05-10,2027,19,2132.7
2027-05-17,2027,20,1939.6
2027-05-24,2027,21,1961.7
2027-05-31,2027,22,2000.9
2027-06-07,2027,23,2081.6
2027-06-14,2027,24,2137.0
2027-06-21,2027,25,2086.9
2027-06-28,2027,26,1897.0
2027-07-05,2027,27,2058.1
2027-07-12,2027,28,2158.5
2027-07-19,2027,29,2000.3
2027-07-26,2027,30,1960.4
2027-08-02,2027,31,1824.5
2027-08-09,2027,32,1864.8
2027-08-16,2027,33,1900.1
2027-08-23,2027,34,1865.2
2027-08-30,2027,35,1828.9
2027-09-06,2027,36,2026.3
