committer_date,total_commits,non_merge_commits,merge_commits,unique_authors,files_changed,insertions,deletions,total_churn,net_code_growth
2005-04-18,259,255,4,79,17954,6749493,10977,6760470,6738516
2005-04-25,238,228,10,83,463,9383,2545,11928,6838
2005-05-02,323,313,10,118,903,10345,7787,18132,2558
2005-05-09,341,318,23,107,894,17768,9097,26865,8671
2005-05-16,147,145,2,53,320,50497,8622,59119,41875
2005-05-23,406,386,20,111,767,26017,26453,52470,-436
2005-05-30,385,340,45,105,668,45032,8572,53604,36460
2005-06-06,213,166,47,74,231,6450,2926,9376,3524
2005-06-13,114,94,20,64,187,1939,1408,3347,531
2005-06-20,256,229,27,70,818,11892,6097,17989,5795
2005-06-27,1309,1256,53,290,4120,149707,55514,205221,94193
2005-07-04,425,389,36,119,938,18813,14663,33476,4150
2005-07-11,426,403,23,129,1223,32790,19266,52056,13524
2005-07-18,303,275,28,124,971,80057,66458,146515,13599
2005-07-25,77,67,10,30,121,1359,1269,2628,90
2005-08-01,587,552,35,181,1408,95053,15383,110436,79670
2005-08-08,242,219,23,101,624,44346,39956,84302,4390
2005-08-15,173,141,32,67,282,6479,8193,14672,-1714
2005-08-22,167,145,22,76,307,10732,2019,12751,8713
2005-08-29,573,518,55,123,2049,43629,20829,64458,22800
2005-09-05,685,647,38,178,2277,30970,31244,62214,-274
2005-09-12,1292,1212,80,308,3715,115176,70831,186007,44345
2005-09-19,344,316,28,130,772,17744,9780,27524,7964
2005-09-26,426,399,27,118,1139,72018,33426,105444,38592
2005-10-03,287,265,22,94,744,17326,8361,25687,8965
2005-10-10,292,261,31,81,745,31224,8855,40079,22369
2005-10-17,195,176,19,73,395,7002,7006,14008,-4
2005-10-24,324,293,31,87,724,13601,13147,26748,454
2005-10-31,1455,1355,100,239,4652,127155,97094,224249,30061
2005-11-07,1022,956,66,216,3256,82138,57188,139326,24950
2005-11-14,1025,939,86,245,3122,91636,52964,144600,38672
2005-11-21,451,388,63,147,811,16183,16416,32599,-233
2005-11-28,170,154,16,85,279,2499,3472,5971,-973
2005-12-05,334,285,49,137,523,7853,7482,15335,371
2005-12-12,147,128,19,67,439,12285,12267,24552,18
2005-12-19,266,229,37,91,427,20142,7056,27198,13086
2005-12-26,131,105,26,58,158,3392,2355,5747,1037
2006-01-02,74,67,7,28,160,3445,1843,5288,1602
2006-01-09,1804,1751,53,354,6595,200293,91101,291394,109192
2006-01-16,1099,1051,48,239,3777,117548,52247,169795,65301
2006-01-23,548,511,37,150,1456,45345,28149,73494,17196
2006-01-30,202,183,19,74,333,5866,3662,9528,2204
2006-02-06,689,640,49,240,1398,27399,11645,39044,15754
2006-02-13,518,467,51,138,1292,14680,11963,26643,2717
2006-02-20,274,244,30,118,457,5355,3638,8993,1717
2006-02-27,296,262,34,133,563,12485,5054,17539,7431
2006-03-06,316,280,36,102,618,10018,9446,19464,572
2006-03-13,275,251,24,107,442,35155,41401,76556,-6246
2006-03-20,774,748,26,150,1836,44610,27359,71969,17251
2006-03-27,2104,2023,81,383,5896,141796,86306,228102,55490
2006-04-03,809,750,59,193,2835,73493,24675,98168,48818
2006-04-10,163,155,8,67,363,4952,2598,7550,2354
2006-04-17,480,452,28,164,918,15124,52244,67368,-37120
2006-04-24,422,384,38,129,838,19275,10866,30141,8409
2006-05-01,328,294,34,124,1498,9161,8366,17527,795
2006-05-08,225,203,22,83,368,5435,3129,8564,2306
2006-05-15,282,265,17,114,497,11994,4626,16620,7368
2006-05-22,300,271,29,113,620,8130,45158,53288,-37028
2006-05-29,261,229,32,69,596,13609,10145,23754,3464
2006-06-05,239,222,17,86,422,4951,2451,7402,2500
2006-06-12,288,268,20,89,757,16201,10455,26656,5746
2006-06-19,417,389,28,110,1607,51938,20930,72868,31008
2006-06-26,2005,1928,77,424,5477,133470,74192,207662,59278
2006-07-03,1243,1183,60,231,7395,98445,38242,136687,60203
2006-07-10,388,355,33,120,905,17972,8178,26150,9794
2006-07-17,395,370,25,150,964,14564,8546,23110,6018
2006-07-24,107,98,9,45,288,4526,2991,7517,1535
2006-07-31,320,297,23,127,610,15122,4489,19611,10633
2006-08-07,300,257,43,133,437,4629,3318,7947,1311
2006-08-14,171,151,20,86,311,4047,1762,5809,2285
2006-08-21,157,141,16,80,300,10882,2439,13321,8443
2006-08-28,197,178,19,107,306,6485,3553,10038,2932
2006-09-04,247,223,24,88,596,46131,4783,50914,41348
2006-09-11,162,146,16,72,409,4545,2844,7389,1701
2006-09-18,214,185,29,83,651,32598,25778,58376,6820
2006-09-25,1214,1171,43,215,3541,104136,53326,157462,50810
2006-10-02,2328,2275,53,439,7057,147285,76530,223815,70755
2006-10-09,820,780,40,209,4293,59017,97141,156158,-38124
2006-10-16,479,451,28,154,991,41550,12141,53691,29409
2006-10-23,540,506,34,187,976,17858,7395,25253,10463
2006-10-30,288,270,18,133,517,6764,2986,9750,3778
2006-11-06,280,254,26,114,484,5302,5610,10912,-308
2006-11-13,152,136,16,88,242,3330,1240,4570,2090
2006-11-20,149,139,10,86,214,2582,962,3544,1620
2006-11-27,122,114,8,57,564,5601,2780,8381,2821
2006-12-04,1399,1364,35,224,4321,110616,56349,166965,54267
2006-12-11,1826,1783,43,359,4920,114426,66938,181364,47488
2006-12-18,389,357,32,134,995,13576,9202,22778,4374
2006-12-25,265,246,19,121,465,5240,3178,8418,2062
2007-01-01,155,147,8,75,230,2151,2082,4233,69
2007-01-08,229,214,15,103,319,4868,1808,6676,3060
2007-01-15,196,179,17,90,302,2872,1546,4418,1326
2007-01-22,92,78,14,56,126,3482,1475,4957,2007
2007-01-29,302,284,18,118,525,7704,4848,12552,2856
2007-02-05,588,556,32,162,1600,52166,24102,76268,28064
2007-02-12,1654,1602,52,348,5549,150468,81067,231535,69401
2007-02-19,949,877,72,264,3149,67061,33238,100299,33823
2007-02-26,549,524,25,156,1260,26319,14469,40788,11850
2007-03-05,387,369,18,139,828,9627,7251,16878,2376
2007-03-12,545,502,43,197,850,16881,6778,23659,10103
2007-03-19,269,251,18,110,554,6639,6169,12808,470
2007-03-26,302,272,30,119,522,9231,9285,18516,-54
2007-04-02,260,235,25,120,401,8305,3878,12183,4427
2007-04-09,78,73,5,43,136,1643,683,2326,960
2007-04-16,222,203,19,84,682,10076,6618,16694,3458
2007-04-23,251,241,10,100,525,12040,5531,17571,6509
2007-04-30,1546,1497,49,312,5292,146111,98211,244322,47900
2007-05-07,1197,1165,32,261,3718,144272,49826,194098,94446
2007-05-14,1676,1611,65,417,5028,109624,60793,170417,48831
2007-05-21,356,329,27,136,841,41773,5609,47382,36164
2007-05-28,359,339,20,147,532,7584,20491,28075,-12907
2007-06-04,372,340,32,160,661,9737,5603,15340,4134
2007-06-11,397,374,23,124,884,14106,12064,26170,2042
2007-06-18,234,211,23,91,610,24799,16273,41072,8526
2007-06-25,208,189,19,107,332,6481,2067,8548,4414
2007-07-02,253,240,13,95,521,14041,10002,24043,4039
2007-07-09,463,442,21,142,974,21196,12253,33449,8943
2007-07-16,1888,1839,49,428,5732,134188,180284,314472,-46096
2007-07-23,1917,1828,89,408,5064,150991,53245,204236,97746
2007-07-30,515,482,33,168,1231,32417,28980,61397,3437
2007-08-06,479,454,25,184,1199,10755,52793,63548,-42038
2007-08-13,284,253,31,115,426,4511,2516,7027,1995
2007-08-20,245,226,19,98,347,4188,1742,5930,2446
2007-08-27,443,398,45,170,724,16261,13255,29516,3006
2007-09-03,174,161,13,89,381,11471,10387,21858,1084
2007-09-10,91,77,14,44,119,3584,1371,4955,2213
2007-09-17,293,264,29,138,549,48987,8041,57028,40946
2007-09-24,364,344,20,122,808,24500,7032,31532,17468
2007-10-01,183,155,28,62,242,5346,3708,9054,1638
2007-10-08,250,228,22,94,511,13005,4797,17802,8208
2007-10-15,3579,3499,80,491,11826,368926,149009,517935,219917
2007-10-22,2481,2422,59,454,8145,129579,102749,232328,26830
2007-10-29,692,621,71,175,1331,21600,16797,38397,4803
2007-11-05,387,350,37,135,615,7319,3285,10604,4034
2007-11-12,372,346,26,131,579,6788,8553,15341,-1765
2007-11-19,396,377,19,154,622,8358,5362,13720,2996
2007-11-26,240,224,16,107,400,3731,3129,6860,602
2007-12-03,329,282,47,145,393,4555,2967,7522,1588
2007-12-10,274,244,30,113,456,7453,9822,17275,-2369
2007-12-17,278,252,26,120,490,8078,5453,13531,2625
2007-12-24,392,371,21,133,752,24648,5499,30147,19149
2007-12-31,83,75,8,26,168,2286,1145,3431,1141
2008-01-07,82,70,12,45,119,821,439,1260,382
2008-01-14,469,442,27,161,857,27522,13940,41462,13582
2008-01-21,183,164,19,91,287,4410,1622,6032,2788
2008-01-28,3677,3629,48,451,10088,314645,157817,472462,156828
2008-02-04,3204,3151,53,462,7803,154411,104025,258436,50386
2008-02-11,2200,2109,91,442,5311,179849,78409,258258,101440
2008-02-18,538,504,34,188,1046,15639,9168,24807,6471
2008-02-25,490,459,31,209,763,13768,5537,19305,8231
2008-03-03,527,490,37,163,1087,22000,13117,35117,8883
2008-03-10,607,571,36,228,1276,26693,15298,41991,11395
2008-03-17,372,337,35,159,744,38198,95346,133544,-57148
2008-03-24,325,288,37,137,518,8428,4627,13055,3801
2008-03-31,636,600,36,187,1583,29009,15920,44929,13089
2008-04-07,449,412,37,159,996,22927,12865,35792,10062
2008-04-14,387,368,19,136,1001,23458,12134,35592,11324
2008-04-21,2263,2199,64,343,5813,115725,94560,210285,21165
2008-04-28,2607,2527,80,474,6508,142629,64817,207446,77812
2008-05-05,1473,1399,74,325,3499,86668,33986,120654,52682
2008-05-12,515,476,39,168,1140,21816,18523,40339,3293
2008-05-19,802,753,49,263,1577,39461,22999,62460,16462
2008-05-26,823,784,39,205,1989,33528,17911,51439,15617
2008-06-02,427,404,23,149,832,24359,10774,35133,13585
2008-06-09,554,527,27,202,1154,24900,9208,34108,15692
2008-06-16,629,565,64,207,1662,29743,154359,184102,-124616
2008-06-23,524,479,45,148,967,27193,20874,48067,6319
2008-06-30,640,585,55,208,1277,55176,28811,83987,26365
2008-07-07,657,610,47,217,1285,42965,11471,54436,31494
2008-07-14,1683,1588,95,304,4043,120741,99983,220724,20758
2008-07-21,1763,1657,106,310,4827,190529,104630,295159,85899
2008-07-28,2289,2172,117,413,6940,147021,90809,237830,56212
2008-08-04,687,635,52,218,2424,40158,22942,63100,17216
2008-08-11,570,506,64,191,3741,59644,19870,79514,39774
2008-08-18,700,642,58,232,1634,37633,13037,50670,24596
2008-08-25,605,554,51,203,1415,33434,18474,51908,14960
2008-09-01,510,467,43,164,1503,61844,36787,98631,25057
2008-09-08,877,812,65,193,2200,36369,25342,61711,11027
2008-09-15,477,433,44,156,1045,32742,19270,52012,13472
2008-09-22,374,341,33,120,758,70025,4006,74031,66019
2008-09-29,1104,1065,39,221,2583,66184,35140,101324,31044
2008-10-06,465,426,39,176,1031,19773,10702,30475,9071
2008-10-13,1899,1793,106,372,6343,289604,54978,344582,234626
2008-10-20,1980,1884,96,432,4541,125007,54942,179949,70065
2008-10-27,979,875,104,276,3065,51433,29486,80919,21947
2008-11-03,864,783,81,267,2974,36957,38345,75302,-1388
2008-11-10,664,616,48,222,1647,33414,19381,52795,14033
2008-11-17,708,635,73,246,1554,31990,12210,44200,19780
2008-11-24,798,740,58,226,1680,46739,15598,62337,31141
2008-12-01,760,705,55,194,1800,31091,23173,54264,7918
2008-12-08,699,645,54,203,1707,31950,15434,47384,16516
2008-12-15,670,631,39,173,1787,39285,13453,52738,25832
2008-12-22,837,763,74,232,1722,40274,18558,58832,21716
2008-12-29,1148,1076,72,228,2430,85134,25123,110257,60011
2009-01-05,1590,1518,72,275,3649,98515,39945,138460,58570
2009-01-12,2207,2077,130,440,6325,632571,123147,755718,509424
2009-01-19,649,581,68,200,1683,20856,8692,29548,12164
2009-01-26,610,559,51,173,1272,20713,11756,32469,8957
2009-02-02,1292,1235,57,294,3130,53337,34463,87800,18874
2009-02-09,844,751,93,230,1713,32887,18229,51116,14658
2009-02-16,661,592,69,202,1291,69965,45650,115615,24315
2009-02-23,703,623,80,223,1313,31040,15511,46551,15529
2009-03-02,915,834,81,214,1614,61082,37262,98344,23820
2009-03-09,655,584,71,188,1303,26407,10676,37083,15731
2009-03-16,1105,1026,79,286,2125,117684,30367,148051,87317
2009-03-23,749,659,90,201,1271,29916,23266,53182,6650
2009-03-30,2596,2487,109,457,6441,163695,83390,247085,80305
2009-04-06,2236,2113,123,428,6015,498199,173937,672136,324262
2009-04-13,993,912,81,266,2471,83992,51117,135109,32875
2009-04-20,826,757,69,237,1499,35943,16495,52438,19448
2009-04-27,869,789,80,268,1833,67722,47765,115487,19957
2009-05-04,618,576,42,191,1181,22454,12599,35053,9855
2009-05-11,781,719,62,224,1618,41485,17463,58948,24022
2009-05-18,619,561,58,204,1320,48012,9173,57185,38839
2009-05-25,654,609,45,211,1420,42553,14088,56641,28465
2009-06-01,779,720,59,211,1458,44742,14597,59339,30145
2009-06-08,946,909,37,280,2129,71650,23597,95247,48053
2009-06-15,1779,1610,169,354,3978,150115,41728,191843,108387
2009-06-22,2527,2413,114,497,7063,347374,289352,636726,58022
2009-06-29,704,634,70,227,1274,22519,10463,32982,12056
2009-07-06,608,553,55,191,1379,27215,14034,41249,13181
2009-07-13,688,643,45,218,1674,31316,21929,53245,9387
2009-07-20,409,371,38,141,619,11282,3728,15010,7554
2009-07-27,689,640,49,188,1393,41791,12914,54705,28877
2009-08-03,652,599,53,225,1242,32708,17122,49830,15586
2009-08-10,712,643,69,229,1297,21449,10572,32021,10877
2009-08-17,827,771,56,193,1754,96549,44392,140941,52157
2009-08-24,772,720,52,221,1460,47322,12638,59960,34684
2009-08-31,857,816,41,237,1947,79522,70796,150318,8726
2009-09-07,775,727,48,233,1917,35418,14382,49800,21036
2009-09-14,1372,1277,95,310,2698,86295,35875,122170,50420
2009-09-21,2075,1960,115,366,7060,517501,312551,830052,204950
2009-09-28,1457,1365,92,406,3095,85049,38555,123604,46494
2009-10-05,530,480,50,194,1359,98447,12179,110626,86268
2009-10-12,848,792,56,244,2134,59067,29393,88460,29674
2009-10-19,644,579,65,200,1199,50581,33269,83850,17312
2009-10-26,296,280,16,114,831,16655,6680,23335,9975
2009-11-02,1002,945,57,255,2022,39780,24676,64456,15104
2009-11-09,828,762,66,252,1795,38515,25991,64506,12524
2009-11-16,831,787,44,242,1553,23440,13895,37335,9545
2009-11-23,836,785,51,237,1852,42470,13094,55564,29376
2009-11-30,796,750,46,225,2049,46423,17354,63777,29069
2009-12-07,1790,1706,84,398,4178,106098,43762,149860,62336
2009-12-14,1797,1657,140,385,4969,385420,262194,647614,123226
2009-12-21,1559,1438,121,372,3842,92055,48253,140308,43802
2009-12-28,552,504,48,191,1142,20557,14953,35510,5604
2010-01-04,306,264,42,123,465,10735,4827,15562,5908
2010-01-11,601,553,48,195,1175,28360,12297,40657,16063
2010-01-18,1023,965,58,270,2111,57854,18545,76399,39309
2010-01-25,626,570,56,196,1424,22025,11361,33386,10664
2010-02-01,523,470,53,178,1126,26665,13065,39730,13600
2010-02-08,713,665,48,263,1411,32245,19092,51337,13153
2010-02-15,736,685,51,211,2220,53306,15456,68762,37850
2010-02-22,915,860,55,267,1880,71025,28630,99655,42395
2010-03-01,1958,1830,128,397,4382,126428,58398,184826,68030
2010-03-08,1706,1600,106,408,3884,110736,94600,205336,16136
2010-03-15,1005,959,46,264,2139,44796,20445,65241,24351
2010-03-22,567,515,52,214,975,18256,7522,25778,10734
2010-03-29,581,530,51,196,1304,22384,14761,37145,7623
2010-04-05,548,509,39,173,5460,46211,12548,58759,33663
2010-04-12,746,700,46,230,1387,27661,13400,41061,14261
2010-04-19,626,568,58,178,1484,56245,19340,75585,36905
2010-04-26,652,595,57,238,1373,46650,7944,54594,38706
2010-05-03,674,624,50,236,1374,34125,11717,45842,22408
2010-05-10,1018,957,61,249,2295,35862,21143,57005,14719
2010-05-17,1966,1896,70,429,4871,120395,85363,205758,35032
2010-05-24,2270,2095,175,462,5427,210337,84917,295254,125420
2010-05-31,1125,1043,82,310,2081,58104,22337,80441,35767
2010-06-07,837,774,63,247,2024,145144,11952,157096,133192
2010-06-14,448,401,47,156,1135,14068,201665,215733,-187597
2010-06-21,499,476,23,198,1500,33704,12324,46028,21380
2010-06-28,460,421,39,150,1458,84128,27840,111968,56288
2010-07-05,594,557,37,197,1237,35788,18920,54708,16868
2010-07-12,558,527,31,181,1274,20696,27183,47879,-6487
2010-07-19,462,436,26,159,1025,15732,20918,36650,-5186
2010-07-26,993,939,54,261,2692,32678,29545,62223,3133
2010-08-02,1801,1754,47,380,4310,121986,77631,199617,44355
2010-08-09,1885,1737,148,396,4687,149565,183716,333281,-34151
2010-08-16,1325,1211,114,338,3000,64188,241293,305481,-177105
2010-08-23,556,504,52,190,1199,58829,10782,69611,48047
2010-08-30,673,618,55,196,1471,39883,63883,103766,-24000
2010-09-06,618,604,14,219,1538,178320,29577,207897,148743
2010-09-13,952,882,70,242,1938,192498,29353,221851,163145
2010-09-20,745,706,39,211,1920,70979,54579,125558,16400
2010-09-27,955,886,69,260,2111,82065,24580,106645,57485
2010-10-04,861,819,42,250,2196,37686,92387,130073,-54701
2010-10-11,1146,1076,70,270,3360,144827,155770,300597,-10943
2010-10-18,1031,977,54,246,2830,48408,31972,80380,16436
2010-10-25,2815,2654,161,519,6394,137573,67825,205398,69748
2010-11-01,1542,1423,119,363,3423,67635,68508,136143,-873
2010-11-08,302,268,34,128,552,6068,3256,9324,2812
2010-11-15,962,899,63,281,2017,67413,19373,86786,48040
2010-11-22,1028,979,49,258,2787,57290,24413,81703,32877
2010-11-29,745,674,71,217,1571,43198,18709,61907,24489
2010-12-06,1004,934,70,278,2070,39101,24645,63746,14456
2010-12-13,934,883,51,285,2008,40922,23145,64067,17777
2010-12-20,902,809,93,258,1993,114214,65475,179689,48739
2010-12-27,860,801,59,236,1987,62087,26445,88532,35642
2011-01-03,577,540,37,145,1951,36720,44525,81245,-7805
2011-01-10,1303,1188,115,321,2938,60084,34608,94692,25476
2011-01-17,1624,1467,157,387,3302,89161,23442,112603,65719
2011-01-24,1156,1079,77,323,3061,75792,48728,124520,27064
2011-01-31,848,775,73,227,1883,26928,27998,54926,-1070
2011-02-07,747,691,56,243,1967,39017,28957,67974,10060
2011-02-14,759,695,64,229,1468,31966,25346,57312,6620
2011-02-21,1018,950,68,292,2483,94841,38665,133506,56176
2011-02-28,1177,1115,62,300,2726,72492,27551,100043,44941
2011-03-07,1037,968,69,289,2548,53861,31404,85265,22457
2011-03-14,1670,1587,83,372,3813,70732,48286,119018,22446
2011-03-21,1475,1311,164,344,2898,108865,37463,146328,71402
2011-03-28,1612,1500,112,407,3420,102924,33000,135924,69924
2011-04-04,674,623,51,211,4086,81852,54004,135856,27848
2011-04-11,734,680,54,198,1687,26234,115656,141890,-89422
2011-04-18,855,810,45,266,1603,20698,12154,32852,8544
2011-04-25,768,712,56,232,1721,26568,17242,43810,9326
2011-05-02,939,887,52,246,2216,45814,41902,87716,3912
2011-05-09,816,771,45,215,1935,45696,60097,105793,-14401
2011-05-16,1405,1337,68,334,2925,61804,35091,96895,26713
2011-05-23,1769,1629,140,373,3989,148271,86628,234899,61643
2011-05-30,1616,1473,143,399,3398,75167,29221,104388,45946
2011-06-06,614,564,50,224,1311,20325,8223,28548,12102
2011-06-13,894,812,82,231,2511,28693,30435,59128,-1742
2011-06-20,730,670,60,232,1554,48139,26659,74798,21480
2011-06-27,757,692,65,215,1501,48375,13737,62112,34638
2011-07-04,1238,1178,60,294,3777,146836,101336,248172,45500
2011-07-11,1500,1418,82,329,3547,92631,165030,257661,-72399
2011-07-18,982,929,53,263,2442,47914,68134,116048,-20220
2011-07-25,1304,1180,124,329,3405,64070,39852,103922,24218
2011-08-01,1468,1376,92,328,3871,168999,63704,232703,105295
2011-08-08,698,627,71,237,1451,24320,17718,42038,6602
2011-08-15,693,637,56,220,2463,48970,73830,122800,-24860
2011-08-22,666,615,51,194,1709,23876,15286,39162,8590
2011-08-29,1682,1617,65,302,4531,191417,194107,385524,-2690
2011-09-05,397,376,21,120,730,12044,5430,17474,6614
2011-09-12,894,861,33,176,2124,43688,33577,77265,10111
2011-09-19,1018,965,53,263,2260,49877,34830,84707,15047
2011-09-26,1078,1016,62,328,2311,66362,23482,89844,42880
2011-10-03,921,878,43,209,2148,33870,21275,55145,12595
2011-10-10,818,763,55,195,1870,48872,20570,69442,28302
2011-10-17,1211,1184,27,260,2963,150451,126525,276976,23926
2011-10-24,1031,979,52,285,2057,49934,36412,86346,13522
2011-10-31,994,873,121,238,3501,36387,9432,45819,26955
2011-11-07,1214,1100,114,325,2678,63084,26244,89328,36840
2011-11-14,1117,1057,60,301,2382,52437,25946,78383,26491
2011-11-21,984,927,57,267,3084,82374,61074,143448,21300
2011-11-28,1113,1025,88,284,2894,47730,48199,95929,-469
2011-12-05,893,831,62,247,1985,68127,20022,88149,48105
2011-12-12,1380,1297,83,329,3427,63415,72659,136074,-9244
2011-12-19,1134,1034,100,302,2557,56369,25996,82365,30373
2011-12-26,953,876,77,207,2351,50367,25233,75600,25134
2012-01-02,662,608,54,138,1435,20996,13568,34564,7428
2012-01-09,1521,1397,124,339,4245,66024,41222,107246,24802
2012-01-16,967,851,116,301,1988,30620,12964,43584,17656
2012-01-23,752,690,62,218,1534,20550,13265,33815,7285
2012-01-30,955,882,73,259,2157,43352,23740,67092,19612
2012-02-06,919,864,55,252,2051,29174,18835,48009,10339
2012-02-13,1048,965,83,251,2189,56296,75682,131978,-19386
2012-02-20,1044,1001,43,273,2299,48653,23194,71847,25459
2012-02-27,1306,1221,85,318,3258,91803,81007,172810,10796
2012-03-05,1152,1048,104,312,2445,39273,20748,60021,18525
2012-03-12,1617,1527,90,367,3795,74942,58254,133196,16688
2012-03-19,1162,1044,118,290,2557,78479,33833,112312,44646
2012-03-26,1575,1439,136,369,3366,74559,33476,108035,41083
2012-04-02,1136,1003,133,304,3692,42453,36510,78963,5943
2012-04-09,948,891,57,269,1922,29330,26823,56153,2507
2012-04-16,1248,1170,78,358,2885,44176,27231,71407,16945
2012-04-23,1217,1152,65,304,2526,56848,39079,95927,17769
2012-04-30,1061,987,74,297,2198,53855,27024,80879,26831
2012-05-07,1168,1103,65,275,2580,58113,35714,93827,22399
2012-05-14,2334,2156,178,444,5398,120776,76650,197426,44126
2012-05-21,1827,1717,110,366,4385,123030,97477,220507,25553
2012-05-28,826,691,135,210,1718,42922,17412,60334,25510
2012-06-04,1154,1076,78,314,2117,36361,16455,52816,19906
2012-06-11,1282,1221,61,305,2747,50361,32066,82427,18295
2012-06-18,1096,1013,83,313,2091,37866,16629,54495,21237
2012-06-25,1086,1009,77,280,2470,155183,27473,182656,127710
2012-07-02,1069,989,80,261,2276,38822,26753,65575,12069
2012-07-09,1473,1362,111,333,2453,42369,24836,67205,17533
2012-07-16,1304,1182,122,293,2859,59880,41284,101164,18596
2012-07-23,1740,1607,133,384,4302,71380,52244,123624,19136
2012-07-30,1125,995,130,280,2219,49037,23433,72470,25604
2012-08-06,1176,1098,78,289,2276,46470,21504,67974,24966
2012-08-13,772,733,39,241,1328,22154,21173,43327,981
2012-08-20,1080,1017,63,301,3729,34246,29918,64164,4328
2012-08-27,869,788,81,263,1575,30081,19869,49950,10212
2012-09-03,554,525,29,186,1123,68418,12349,80767,56069
2012-09-10,1739,1660,79,369,3381,100042,46564,146606,53478
2012-09-17,1616,1467,149,351,3602,82458,36843,119301,45615
2012-09-24,1929,1793,136,414,4096,103302,37981,141283,65321
2012-10-01,1801,1653,148,357,3763,74300,49903,124203,24397
2012-10-08,1290,1177,113,315,4282,100979,55816,156795,45163
2012-10-15,1044,917,127,264,4229,81618,68921,150539,12697
2012-10-22,1075,987,88,290,2505,37090,26298,63388,10792
2012-10-29,1459,1356,103,365,2723,39723,57598,97321,-17875
2012-11-05,1293,1237,56,293,2600,45162,33880,79042,11282
2012-11-12,1465,1373,92,291,3016,51775,40109,91884,11666
2012-11-19,1848,1704,144,417,4012,102902,53794,156696,49108
2012-11-26,1631,1462,169,367,4364,55727,27908,83635,27819
2012-12-03,1772,1612,160,354,4586,115043,41982,157025,73061
2012-12-10,1037,908,129,269,2333,32132,20295,52427,11837
2012-12-17,1066,917,149,262,2122,55963,18674,74637,37289
2012-12-24,1002,926,76,254,2453,40855,15402,56257,25453
2012-12-31,250,237,13,98,349,3893,1964,5857,1929
2013-01-07,1175,1127,48,270,3490,56459,37291,93750,19168
2013-01-14,1277,1197,80,316,2684,49817,33891,83708,15926
2013-01-21,1395,1323,72,338,2795,51901,31928,83829,19973
2013-01-28,1685,1558,127,399,3628,91758,88275,180033,3483
2013-02-04,1508,1396,112,380,3918,81815,48596,130411,33219
2013-02-11,1511,1336,175,370,2785,76495,25054,101549,51441
2013-02-18,1312,1211,101,313,2761,56645,23893,80538,32752
2013-02-25,1349,1194,155,349,2770,52717,17412,70129,35305
2013-03-04,1074,979,95,287,2229,56367,14679,71046,41688
2013-03-11,1276,1197,79,357,2665,49304,34720,84024,14584
2013-03-18,1848,1763,85,360,3488,69959,51767,121726,18192
2013-03-25,1647,1553,94,380,3423,99877,71310,171187,28567
2013-04-01,1350,1245,105,319,2532,65850,25881,91731,39969
2013-04-08,2004,1890,114,444,3700,76852,39252,116104,37600
2013-04-15,1598,1417,181,347,2887,72055,43068,115123,28987
2013-04-22,1204,1101,103,336,2674,57841,37601,95442,20240
2013-04-29,1427,1291,136,352,2537,66067,27020,93087,39047
2013-05-06,1535,1398,137,290,2540,35088,20259,55347,14829
2013-05-13,951,856,95,270,1790,38160,13239,51399,24921
2013-05-20,1029,975,54,282,2084,290044,15767,305811,274277
2013-05-27,1038,963,75,293,1823,21403,14168,35571,7235
2013-06-03,1478,1381,97,407,2991,66882,33608,100490,33274
2013-06-10,1370,1277,93,305,2183,58465,33924,92389,24541
2013-06-17,1904,1730,174,432,3477,97956,42021,139977,55935
2013-06-24,1560,1428,132,390,2869,57328,26369,83697,30959
2013-07-01,1675,1511,164,372,3344,115776,31257,147033,84519
2013-07-08,1207,1080,127,283,2048,52724,31847,84571,20877
2013-07-15,859,757,102,234,1741,22766,13538,36304,9228
2013-07-22,756,706,50,243,1288,16738,109392,126130,-92654
2013-07-29,1606,1527,79,389,3163,64386,71087,135473,-6701
2013-08-05,1379,1301,78,337,2835,47535,23891,71426,23644
2013-08-12,1260,1185,75,313,2866,53215,47802,101017,5413
2013-08-19,1301,1206,95,346,2331,49973,20198,70171,29775
2013-08-26,1747,1584,163,394,3142,191528,32119,223647,159409
2013-09-02,1597,1422,175,376,2941,70000,36024,106024,33976
2013-09-09,1116,971,145,295,1999,55179,14213,69392,40966
2013-09-16,1104,1014,90,257,1946,62109,15609,77718,46500
2013-09-23,1032,971,61,276,1798,20056,24460,44516,-4404
2013-09-30,1766,1656,110,390,3148,59122,29611,88733,29511
2013-10-07,1226,1129,97,303,1965,39410,20359,59769,19051
2013-10-14,1699,1611,88,353,3645,97697,36614,134311,61083
2013-10-21,1700,1590,110,355,3000,44013,25974,69987,18039
2013-10-28,1328,1109,219,313,2577,47814,34164,81978,13650
2013-11-04,1218,1120,98,351,2386,36105,22813,58918,13292
2013-11-11,1433,1291,142,306,2751,59171,26647,85818,32524
2013-11-18,1242,1094,148,338,2309,27537,17614,45151,9923
2013-11-25,1024,930,94,313,1953,48227,25165,73392,23062
2013-12-02,1007,933,74,303,1845,32932,19483,52415,13449
2013-12-09,1500,1402,98,363,3095,59464,22065,81529,37399
2013-12-16,1570,1465,105,390,3028,64372,33208,97580,31164
2013-12-23,1848,1697,151,420,3654,71163,45233,116396,25930
2013-12-30,465,397,68,136,879,14587,6550,21137,8037
2014-01-06,1117,1028,89,290,1937,42215,14043,56258,28172
2014-01-13,1699,1607,92,406,3690,60249,33834,94083,26415
2014-01-20,1257,1105,152,330,2562,72260,16041,88301,56219
2014-01-27,1294,1174,120,360,2673,115416,26452,141868,88964
2014-02-03,1001,895,106,293,1680,22266,10749,33015,11517
2014-02-10,1292,1232,60,393,2657,44026,20303,64329,23723
2014-02-17,1728,1641,87,420,3392,54201,35239,89440,18962
2014-02-24,1688,1538,150,343,2837,51268,24953,76221,26315
2014-03-03,1508,1392,116,382,2693,58574,52947,111521,5627
2014-03-10,1968,1854,114,452,3819,199881,91536,291417,108345
2014-03-17,1907,1739,168,435,3440,66009,43128,109137,22881
2014-03-24,1527,1419,108,368,2736,52657,23787,76444,28870
2014-03-31,1191,1069,122,267,2102,50082,19570,69652,30512
2014-04-07,1373,1239,134,371,2526,129611,19130,148741,110481
2014-04-14,1026,933,93,297,1775,23358,16411,39769,6947
2014-04-21,1050,983,67,326,2366,54054,56184,110238,-2130
2014-04-28,1694,1599,95,440,3114,51414,34562,85976,16852
2014-05-05,1191,1100,91,318,2205,36971,18356,55327,18615
2014-05-12,1171,1100,71,318,2450,44029,25668,69697,18361
2014-05-19,1920,1819,101,440,3887,71217,38274,109491,32943
2014-05-26,2378,2155,223,486,4569,127367,70425,197792,56942
2014-06-02,1927,1785,142,447,3388,67084,26824,93908,40260
2014-06-09,1409,1238,171,360,2423,45748,17882,63630,27866
2014-06-16,865,757,108,278,1603,30775,14998,45773,15777
2014-06-23,1634,1568,66,390,3240,66889,44974,111863,21915
2014-06-30,1152,1078,74,300,2447,29240,54149,83389,-24909
2014-07-07,1080,1011,69,326,1965,38618,98327,136945,-59709
2014-07-14,2182,2043,139,436,4464,84561,74732,159293,9829
2014-07-21,2050,1895,155,429,4380,80175,90085,170260,-9910
2014-07-28,1809,1675,134,431,3360,58046,66452,124498,-8406
2014-08-04,1567,1438,129,392,2674,63919,26981,90900,36938
2014-08-11,1384,1246,138,306,3008,56807,25570,82377,31237
2014-08-18,1050,985,65,289,2093,32717,23686,56403,9031
2014-08-25,957,890,67,290,1679,26617,15377,41994,11240
2014-09-01,1253,1188,65,334,2561,30097,33824,63921,-3727
2014-09-08,1866,1747,119,420,3113,65906,35192,101098,30714
2014-09-15,1589,1466,123,399,3143,70954,35499,106453,35455
2014-09-22,1668,1587,81,445,2844,43054,18980,62034,24074
2014-09-29,1902,1738,164,488,3729,111728,98475,210203,13253
2014-10-06,1179,1038,141,333,2474,64002,78843,142845,-14841
2014-10-13,755,633,122,241,1248,26848,10448,37296,16400
2014-10-20,1524,1432,92,308,3594,32689,39908,72597,-7219
2014-10-27,1198,1121,77,302,2118,29190,20568,49758,8622
2014-11-03,1956,1861,95,455,3551,55073,64635,119708,-9562
2014-11-10,2058,1947,111,458,3751,74704,37936,112640,36768
2014-11-17,1504,1405,99,385,3069,55341,22325,77666,33016
2014-11-24,2137,1970,167,475,4660,82716,74071,156787,8645
2014-12-01,1326,1217,109,355,2497,43621,26667,70288,16954
2014-12-08,1416,1279,137,347,2532,66820,21934,88754,44886
2014-12-15,1307,1140,167,348,2285,36643,18998,55641,17645
2014-12-22,893,792,101,276,1579,25976,18511,44487,7465
2014-12-29,415,379,36,168,747,14065,5784,19849,8281
2015-01-05,488,446,42,159,814,16088,9086,25174,7002
2015-01-12,1520,1439,81,422,2653,38845,21355,60200,17490
2015-01-19,1624,1512,112,441,2758,63412,24579,87991,38833
2015-01-26,1818,1668,150,487,5284,83558,55352,138910,28206
2015-02-02,1881,1756,125,445,3627,83645,53279,136924,30366
2015-02-09,1331,1152,179,374,2357,44907,20560,65467,24347
2015-02-16,1098,979,119,267,2048,27408,17043,44451,10365
2015-02-23,1114,1004,110,319,1943,33471,21678,55149,11793
2015-03-02,1421,1348,73,392,2391,39701,23431,63132,16270
2015-03-09,1642,1508,134,426,3014,66053,26441,92494,39612
2015-03-16,1535,1410,125,397,2865,46697,25075,71772,21622
2015-03-23,1609,1510,99,433,2926,51430,28204,79634,23226
2015-03-30,1636,1530,106,464,3187,64717,43824,108541,20893
2015-04-06,1839,1713,126,419,3566,76804,27212,104016,49592
2015-04-13,1645,1446,199,370,3232,48897,34718,83615,14179
2015-04-20,1145,1030,115,321,2204,33704,21235,54939,12469
2015-04-27,868,785,83,253,1581,25243,15812,41055,9431
2015-05-04,939,879,60,286,1682,33517,22290,55807,11227
2015-05-11,1831,1735,96,451,3533,61540,42398,103938,19142
2015-05-18,1334,1228,106,351,2327,45653,22621,68274,23032
2015-05-25,1617,1521,96,367,3262,108362,27326,135688,81036
2015-06-01,2033,1930,103,466,4181,94685,41221,135906,53464
2015-06-08,1771,1659,112,423,3959,501144,34362,535506,466782
2015-06-15,1517,1423,94,411,3262,81937,34104,116041,47833
2015-06-22,1451,1325,126,364,2616,75545,29685,105230,45860
2015-06-29,1072,929,143,309,2172,48477,11707,60184,36770
2015-07-06,950,871,79,281,1500,26755,18927,45682,7828
2015-07-13,852,792,60,314,1401,21042,7920,28962,13122
2015-07-20,1543,1448,95,406,2942,60997,20946,81943,40051
2015-07-27,1594,1473,121,463,3179,62688,56034,118722,6654
2015-08-03,1212,1117,95,371,2396,53778,21626,75404,32152
2015-08-10,1827,1732,95,467,3121,69659,30128,99787,39531
2015-08-17,1926,1806,120,468,3826,106995,47927,154922,59068
2015-08-24,1033,939,94,305,1769,35129,12924,48053,22205
2015-08-31,1558,1428,130,378,5445,156832,73269,230101,83563
2015-09-07,966,838,128,294,1509,26381,9462,35843,16919
2015-09-14,1299,1207,92,344,2295,23908,20552,44460,3356
2015-09-21,1184,1115,69,350,2364,44590,16548,61138,28042
2015-09-28,1210,1106,104,334,2048,30465,13835,44300,16630
2015-10-05,2534,2438,96,536,4894,100930,50925,151855,50005
2015-10-12,1392,1257,135,386,2518,47486,20525,68011,26961
2015-10-19,2385,2266,119,480,4459,67021,52218,119239,14803
2015-10-26,1813,1647,166,471,3542,88205,34945,123150,53260
2015-11-02,1236,1148,88,371,2417,94766,19536,114302,75230
2015-11-09,1155,1006,149,362,1938,24184,13043,37227,11141
2015-11-16,1399,1300,99,341,2347,32853,50824,83677,-17971
2015-11-23,1311,1238,73,410,3367,40459,18357,58816,22102
2015-11-30,1088,1012,76,313,1777,42227,17523,59750,24704
2015-12-07,1428,1338,90,388,3134,70187,38911,109098,31276
2015-12-14,1559,1453,106,429,3096,70021,30413,100434,39608
2015-12-21,1966,1848,118,442,4049,122315,31376,153691,90939
2015-12-28,1004,862,142,285,1682,48177,14680,62857,33497
2016-01-04,746,699,47,211,1437,53988,11208,65196,42780
2016-01-11,1673,1529,144,402,3547,56604,26912,83516,29692
2016-01-18,1045,880,165,289,1924,23687,11136,34823,12551
2016-01-25,1098,1015,83,365,2067,32454,14261,46715,18193
2016-02-01,1165,1085,80,366,1974,38004,22995,60999,15009
2016-02-08,1772,1701,71,456,3202,42252,79512,121764,-37260
2016-02-15,1595,1492,103,408,2958,52995,30254,83249,22741
2016-02-22,1923,1786,137,443,3580,71106,36958,108064,34148
2016-02-29,2432,2268,164,531,4509,100429,30787,131216,69642
2016-03-07,1854,1695,159,495,3639,60905,44109,105014,16796
2016-03-14,2314,2141,173,480,4844,112285,66934,179219,45351
2016-03-21,1113,963,150,350,2049,48475,18943,67418,29532
2016-03-28,1039,962,77,263,1761,28424,16108,44532,12316
2016-04-04,1138,1075,63,373,2685,49519,32279,81798,17240
2016-04-11,1221,1135,86,335,2369,36844,23729,60573,13115
2016-04-18,1571,1448,123,395,3199,57645,22248,79893,35397
2016-04-25,1482,1354,128,372,2420,52442,17127,69569,35315
2016-05-02,2287,2146,141,546,4295,83601,36892,120493,46709
2016-05-09,1788,1638,150,449,3503,125922,34766,160688,91156
2016-05-16,1643,1455,188,419,3027,65762,20103,85865,45659
2016-05-23,1277,1108,169,314,2563,36402,17453,53855,18949
2016-05-30,984,875,109,268,1866,28667,13877,42544,14790
2016-06-06,1016,958,58,304,1955,47544,23238,70782,24306
2016-06-13,1512,1395,117,406,2981,62908,28540,91448,34368
2016-06-20,1607,1493,114,394,3340,61541,28787,90328,32754
2016-06-27,1658,1570,88,445,3216,71056,36171,107227,34885
2016-07-04,1670,1559,111,371,4279,149366,40070,189436,109296
2016-07-11,1785,1627,158,407,4573,94476,41283,135759,53193
2016-07-18,1872,1763,109,387,3805,71653,34189,105842,37464
2016-07-25,1184,1032,152,325,2107,46704,15769,62473,30935
2016-08-01,1046,891,155,258,2180,32245,77345,109590,-45100
2016-08-08,1549,1458,91,349,3372,76993,24371,101364,52622
2016-08-15,1437,1354,83,417,2657,64497,26945,91442,37552
2016-08-22,1378,1297,81,438,2856,75799,29944,105743,45855
2016-08-29,1346,1251,95,368,2739,46328,30108,76436,16220
2016-09-05,1619,1510,109,461,2781,70795,21288,92083,49507
2016-09-12,1561,1461,100,421,3137,78981,96712,175693,-17731
2016-09-19,2051,1863,188,475,3829,85364,72776,158140,12588
2016-09-26,1813,1712,101,488,3529,79195,63957,143152,15238
2016-10-03,1278,1125,153,363,2440,47391,27381,74772,20010
2016-10-10,1154,1012,142,258,2256,40787,16808,57595,23979
2016-10-17,1259,1171,88,335,2670,141897,22431,164328,119466
2016-10-24,1513,1428,85,379,2946,59186,29091,88277,30095
2016-10-31,1376,1263,113,407,2917,53861,25960,79821,27901
2016-11-07,1326,1247,79,340,2732,57778,30853,88631,26925
2016-11-14,1681,1565,116,479,3051,129589,39897,169486,89692
2016-11-21,2019,1836,183,494,3996,91188,35413,126601,55775
2016-11-28,1417,1314,103,399,2390,56884,20560,77444,36324
2016-12-05,1832,1695,137,482,3499,106235,33669,139904,72566
2016-12-12,1336,1153,183,412,2441,55403,23224,78627,32179
2016-12-19,1220,1053,167,336,2328,48593,29494,78087,19099
2016-12-26,362,308,54,143,2155,10056,7018,17074,3038
2017-01-02,730,704,26,240,1453,31521,14913,46434,16608
2017-01-09,1365,1259,106,423,2499,42965,34519,77484,8446
2017-01-16,1524,1439,85,467,2705,51370,30290,81660,21080
2017-01-23,1310,1192,118,387,2331,35724,13903,49627,21821
2017-01-30,1928,1748,180,520,4871,81015,37769,118784,43246
2017-02-06,1787,1668,119,457,3537,86468,35190,121658,51278
2017-02-13,1848,1723,125,457,3809,94583,36015,130598,58568
2017-02-20,1460,1292,168,402,2541,64723,28024,92747,36699
2017-02-27,1174,1029,145,323,2148,53931,20227,74158,33704
2017-03-06,1480,1385,95,375,5713,240973,20634,261607,220339
2017-03-13,1632,1533,99,405,3003,70356,28510,98866,41846
2017-03-20,1265,1195,70,382,2238,36058,16226,52284,19832
2017-03-27,1699,1570,129,452,2997,66051,27895,93946,38156
2017-04-03,1931,1794,137,451,3626,467020,33887,500907,433133
2017-04-10,2093,1975,118,534,4266,198258,53172,251430,145086
2017-04-17,1374,1262,112,378,2462,63124,22838,85962,40286
2017-04-24,1932,1774,158,455,3933,85505,35103,120608,50402
2017-05-01,1499,1342,157,427,3307,84700,51469,136169,33231
2017-05-08,900,779,121,287,1481,32960,15827,48787,17133
2017-05-15,1105,1007,98,356,2219,27959,17710,45669,10249
2017-05-22,1344,1256,88,365,2593,48158,33477,81635,14681
2017-05-29,1340,1263,77,350,2259,331971,22807,354778,309164
2017-06-05,1508,1406,102,402,3009,55750,31379,87129,24371
2017-06-12,2014,1907,107,474,3968,78054,32568,110622,45486
2017-06-19,1945,1754,191,451,4615,103909,34111,138020,69798
2017-06-26,1876,1746,130,462,3614,99491,29021,128512,70470
2017-07-03,1656,1470,186,411,3403,52079,24895,76974,27184
2017-07-10,1177,1002,175,303,1800,29087,11680,40767,17407
2017-07-17,1397,1304,93,388,2368,51944,24377,76321,27567
2017-07-24,1388,1313,75,375,2526,60037,30808,90845,29229
2017-07-31,1469,1380,89,437,2423,40066,29519,69585,10547
2017-08-07,1385,1280,105,379,2845,67030,52209,119239,14821
2017-08-14,1702,1602,100,453,3214,54295,26065,80360,28230
2017-08-21,2233,2040,193,495,4235,205494,31054,236548,174440
2017-08-28,2225,2084,141,509,4904,89216,44370,133586,44846
2017-09-04,2010,1814,196,444,3438,66272,24188,90460,42084
2017-09-11,1038,865,173,293,2114,28113,14537,42650,13576
2017-09-18,820,751,69,271,1412,18618,142229,160847,-123611
2017-09-25,1406,1319,87,389,2398,33599,14995,48594,18604
2017-10-02,2093,2004,89,390,5561,265095,120490,385585,144605
2017-10-09,1532,1423,109,454,2693,68904,21209,90113,47695
2017-10-16,1758,1645,113,448,3058,50719,26413,77132,24306
2017-10-23,2015,1839,176,466,3841,88906,50013,138919,38893
2017-10-30,1470,1331,139,389,3047,53891,21379,75270,32512
2017-11-06,2010,1871,139,476,18024,85796,93579,179375,-7783
2017-11-13,1601,1429,172,433,4149,44101,27214,71315,16887
2017-11-20,1217,1000,217,357,2058,26031,15315,41346,10716
2017-11-27,834,773,61,223,2216,18307,14300,32607,4007
2017-12-04,1634,1520,114,449,3445,47891,21259,69150,26632
2017-12-11,1684,1568,116,473,3720,72055,96026,168081,-23971
2017-12-18,1570,1461,109,414,3191,62325,40949,103274,21376
2017-12-25,1240,1125,115,356,2272,55279,16244,71523,39035
2018-01-01,747,694,53,222,1718,27449,11685,39134,15764
2018-01-08,1728,1557,171,456,3729,72672,42131,114803,30541
2018-01-15,1577,1426,151,407,3071,47636,22463,70099,25173
2018-01-22,1735,1585,150,418,3200,60936,35981,96917,24955
2018-01-29,1290,1141,149,375,2449,58789,31450,90239,27339
2018-02-05,913,732,181,290,1259,22601,9463,32064,13138
2018-02-12,1275,1185,90,337,2839,55180,36370,91550,18810
2018-02-19,1782,1701,81,473,3834,72122,42315,114437,29807
2018-02-26,1399,1308,91,397,2755,67167,46462,113629,20705
2018-03-05,1674,1562,112,451,3098,48109,34696,82805,13413
2018-03-12,2006,1843,163,508,4379,123744,138254,261998,-14510
2018-03-19,1908,1808,100,531,5373,84493,426505,510998,-342012
2018-03-26,1922,1796,126,501,4213,140844,98210,239054,42634
2018-04-02,1818,1563,255,422,3536,56440,28557,84997,27883
2018-04-09,983,817,166,281,1800,39441,18853,58294,20588
2018-04-16,1155,1047,108,374,2104,45875,23442,69317,22433
2018-04-23,1601,1533,68,467,2788,55873,24857,80730,31016
2018-04-30,1582,1465,117,399,2905,48243,28033,76276,20210
2018-05-07,1396,1316,80,393,2580,44697,23791,68488,20906
2018-05-14,1805,1681,124,497,3430,62777,31343,94120,31434
2018-05-21,2550,2404,146,557,6561,125866,218854,344720,-92988
2018-05-28,1804,1660,144,433,3527,61825,24757,86582,37068
2018-06-04,1912,1734,178,498,3446,80114,61331,141445,18783
2018-06-11,890,709,181,283,2145,45578,222521,268099,-176943
2018-06-18,926,852,74,312,3063,31619,16750,48369,14869
2018-06-25,1183,1100,83,364,2179,27251,16474,43725,10777
2018-07-02,1603,1495,108,444,2925,60870,40952,101822,19918
2018-07-09,1701,1603,98,454,3393,57398,33382,90780,24016
2018-07-16,1894,1761,133,469,3566,57984,25349,83333,32635
2018-07-23,1681,1555,126,432,3050,61797,22488,84285,39309
2018-07-30,2237,2101,136,524,4614,118660,32010,150670,86650
2018-08-06,1800,1706,94,419,3699,68717,33104,101821,35613
2018-08-13,1189,1081,108,319,2255,47282,18580,65862,28702
2018-08-20,730,547,183,235,1046,13784,5648,19432,8136
2018-08-27,1203,1108,95,317,2115,98192,16752,114944,81440
2018-09-03,1453,1388,65,387,3348,49974,26144,76118,23830
2018-09-10,1169,1095,74,371,2200,29179,31087,60266,-1908
2018-09-17,1374,1297,77,370,2819,42425,18069,60494,24356
2018-09-24,1500,1408,92,405,3094,58885,35276,94161,23609
2018-10-01,2228,2088,140,471,4145,69912,35841,105753,34071
2018-10-08,2040,1864,176,523,4672,73328,44445,117773,28883
2018-10-15,1647,1549,98,401,3232,93896,33710,127606,60186
2018-10-22,1544,1399,145,371,2740,95846,39565,135411,56281
2018-10-29,1060,889,171,266,2106,51577,13344,64921,38233
2018-11-05,1082,995,87,337,2565,36775,20143,56918,16632
2018-11-12,1813,1716,97,472,3228,59975,77694,137669,-17719
2018-11-19,1072,994,78,371,1772,43507,14745,58252,28762
2018-11-26,1327,1249,78,379,2818,88939,33601,122540,55338
2018-12-03,1782,1628,154,471,3148,52088,23294,75382,28794
2018-12-10,1920,1804,116,491,4672,72135,41235,113370,30900
2018-12-17,2278,2105,173,510,4661,117070,48497,165567,68573
2018-12-24,1662,1533,129,456,3111,46950,22995,69945,23955
2018-12-31,552,421,131,144,1315,13258,8572,21830,4686
2019-01-07,857,754,103,284,1694,24610,12360,36970,12250
2019-01-14,1228,1161,67,423,2561,34691,25984,60675,8707
2019-01-21,1358,1274,84,404,2527,40414,35056,75470,5358
2019-01-28,1666,1564,102,474,3368,94996,63972,158968,31024
2019-02-04,1579,1447,132,489,3061,46151,22875,69026,23276
2019-02-11,1967,1846,121,518,3867,85125,42391,127516,42734
2019-02-18,1761,1565,196,449,3189,106207,28640,134847,77567
2019-02-25,2028,1897,131,502,4077,58670,31461,90131,27209
2019-03-04,1219,1121,98,366,2415,43168,18326,61494,24842
2019-03-11,1066,889,177,319,1808,26094,11457,37551,14637
2019-03-18,1016,916,100,282,1736,19329,20211,39540,-882
2019-03-25,1917,1829,88,485,3740,55261,28952,84213,26309
2019-04-01,1411,1320,91,442,2710,54242,23863,78105,30379
2019-04-08,1899,1812,87,454,4297,56463,39109,95572,17354
2019-04-15,1397,1299,98,382,2411,47703,17636,65339,30067
2019-04-22,1679,1598,81,471,3548,68778,34901,103679,33877
2019-04-29,2181,1992,189,497,4668,118047,46737,164784,71310
2019-05-06,1953,1810,143,463,3988,114382,146905,261287,-32523
2019-05-13,984,810,174,308,1451,28806,12147,40953,16659
2019-05-20,1277,1164,113,392,2479,38033,16549,54582,21484
2019-05-27,1672,1601,71,479,7995,62522,46560,109082,15962
2019-06-03,1769,1659,110,461,11483,73804,179659,253463,-105855
2019-06-10,1777,1686,91,411,6715,62818,63466,126284,-648
2019-06-17,1787,1664,123,514,3800,71001,62387,133388,8614
2019-06-24,2678,2563,115,547,10504,501449,66809,568258,434640
2019-07-01,2160,1987,173,517,4309,73475,36860,110335,36615
2019-07-08,1735,1592,143,417,3327,85037,37397,122434,47640
2019-07-15,1149,974,175,316,2993,38869,26311,65180,12558
2019-07-22,1398,1287,111,396,3038,139966,24911,164877,115055
2019-07-29,1636,1556,80,442,3887,56584,56455,113039,129
2019-08-05,1731,1642,89,460,3372,61746,32034,93780,29712
2019-08-12,1596,1480,116,402,3119,65344,29016,94360,36328
2019-08-19,1567,1458,109,427,3576,58689,78232,136921,-19543
2019-08-26,2050,1956,94,508,3819,56196,29940,86136,26256
2019-09-02,1725,1615,110,470,3612,158639,27895,186534,130744
2019-09-09,1960,1791,169,478,3644,84941,37676,122617,47265
2019-09-16,1261,1157,104,396,2460,48070,21861,69931,26209
2019-09-23,716,551,165,260,1060,14449,7481,21930,6968
2019-09-30,868,792,76,292,1756,22033,10372,32405,11661
2019-10-07,2129,2057,72,564,4070,74165,40713,114878,33452
2019-10-14,1422,1342,80,429,2463,40155,18758,58913,21397
2019-10-21,1639,1535,104,451,2912,54176,24625,78801,29551
2019-10-28,1855,1726,129,509,3419,67282,27606,94888,39676
2019-11-04,1789,1654,135,450,3496,84881,34526,119407,50355
2019-11-11,2189,2027,162,546,4050,95727,49701,145428,46026
2019-11-18,1966,1842,124,526,4226,103596,47477,151073,56119
2019-11-25,1625,1505,120,439,3096,105684,23826,129510,81858
2019-12-02,939,760,179,282,1370,17331,11333,28664,5998
2019-12-09,1231,1124,107,374,2356,38381,17503,55884,20878
2019-12-16,1718,1630,88,434,3178,44214,48366,92580,-4152
2019-12-23,1730,1624,106,459,3038,58067,36850,94917,21217
2019-12-30,553,510,43,163,1039,31892,10435,42327,21457
2020-01-06,1023,953,70,300,2406,30966,14233,45199,16733
2020-01-13,1771,1655,116,456,3638,95044,38301,133345,56743
2020-01-20,2072,1910,162,569,3804,82017,34109,116126,47908
2020-01-27,2034,1866,168,528,3898,101914,36845,138759,65069
2020-02-03,832,686,146,257,1277,25293,9625,34918,15668
2020-02-10,983,891,92,324,1765,25591,13942,39533,11649
2020-02-17,1661,1584,77,472,3146,64341,56999,121340,7342
2020-02-24,1574,1485,89,403,2894,48747,20933,69680,27814
2020-03-02,1536,1441,95,425,2767,51803,23238,75041,28565
2020-03-09,1619,1506,113,481,2766,74918,20452,95370,54466
2020-03-16,2245,2107,138,563,3987,70042,41384,111426,28658
2020-03-23,2047,1950,97,517,3805,76674,32176,108850,44498
2020-03-30,2383,2124,259,561,4737,87227,40442,127669,46785
2020-04-06,1102,943,159,329,2074,43247,20543,63790,22704
2020-04-13,1019,934,85,318,1722,29366,15337,44703,14029
2020-04-20,1950,1853,97,513,4014,50569,23957,74526,26612
2020-04-27,1734,1620,114,472,3312,67009,26949,93958,40060
2020-05-04,1785,1676,109,448,3591,82490,31055,113545,51435
2020-05-11,2016,1913,103,489,3892,63267,43978,107245,19289
2020-05-18,2304,2166,138,533,4345,97842,27448,125290,70394
2020-05-25,2208,2005,203,527,7139,383616,105874,489490,277742
2020-06-01,2547,2329,218,605,4747,94535,57894,152429,36641
2020-06-08,1388,1228,160,368,2625,211637,22132,233769,189505
2020-06-15,1332,1215,117,331,5581,40720,25961,66681,14759
2020-06-22,1358,1270,88,408,2594,41301,19819,61120,21482
2020-06-29,1744,1610,134,483,3262,52397,26645,79042,25752
2020-07-06,2031,1901,130,467,4280,98815,58523,157338,40292
2020-07-13,2032,1913,119,504,3897,61676,29281,90957,32395
2020-07-20,2287,2150,137,493,4089,93725,35949,129674,57776
2020-07-27,2723,2535,188,584,5634,99452,41520,140972,57932
2020-08-03,1798,1636,162,509,3300,56128,20169,76297,35959
2020-08-10,1158,987,171,344,2348,29069,11882,40951,17187
2020-08-17,1106,1024,82,338,2474,27342,14629,41971,12713
2020-08-24,1474,1376,98,437,4417,50541,24810,75351,25731
2020-08-31,1519,1422,97,423,2720,57579,24002,81581,33577
2020-09-07,1922,1837,85,471,4077,53329,40084,93413,13245
2020-09-14,1857,1719,138,450,3447,63369,46284,109653,17085
2020-09-21,2282,2165,117,546,4286,87511,33775,121286,53736
2020-09-28,2391,2224,167,562,4769,98816,49117,147933,49699
2020-10-05,2137,1981,156,540,3933,361662,35633,397295,326029
2020-10-12,1492,1360,132,404,3217,49310,36099,85409,13211
2020-10-19,1224,1088,136,345,2255,32593,15376,47969,17217
2020-10-26,1012,868,144,338,1951,28565,12872,41437,15693
2020-11-02,1510,1423,87,422,3207,41025,47820,88845,-6795
2020-11-09,1637,1532,105,482,2957,63213,32790,96003,30423
2020-11-16,2184,2051,133,532,3724,132339,35379,167718,96960
2020-11-23,1739,1604,135,465,3419,67294,27057,94351,40237
2020-11-30,1991,1845,146,531,3409,80263,25481,105744,54782
2020-12-07,2262,2148,114,557,4463,71103,47392,118495,23711
2020-12-14,2311,2113,198,578,4292,77453,39449,116902,38004
2020-12-21,1430,1218,212,359,2144,32080,19895,51975,12185
2020-12-28,603,543,60,187,1031,19595,8049,27644,11546
2021-01-04,551,531,20,187,929,24740,11715,36455,13025
2021-01-11,1334,1228,106,411,2326,50598,18178,68776,32420
2021-01-18,1933,1826,107,510,3469,68316,32987,101303,35329
2021-01-25,1821,1694,127,463,4312,64265,82759,147024,-18494
2021-02-01,1993,1866,127,555,3635,68202,61407,129609,6795
2021-02-08,2124,1962,162,540,3901,76077,36977,113054,39100
2021-02-15,2081,1896,185,547,4602,106544,50515,157059,56029
2021-02-22,799,639,160,244,1271,22143,9323,31466,12820
2021-03-01,1051,907,144,329,2059,31056,12351,43407,18705
2021-03-08,1061,1014,47,368,1852,30763,11967,42730,18796
2021-03-15,2449,2315,134,579,4054,183476,40917,224393,142559
2021-03-22,1952,1832,120,450,3847,80767,53462,134229,27305
2021-03-29,2438,2336,102,573,4720,90228,35000,125228,55228
2021-04-05,1537,1401,136,435,2404,42557,19439,61996,23118
2021-04-12,2878,2707,171,647,5280,76925,45913,122838,31012
2021-04-19,1890,1758,132,522,3438,65592,25509,91101,40083
2021-04-26,1594,1451,143,445,2971,68393,20320,88713,48073
2021-05-03,934,809,125,290,1588,20751,11485,32236,9266
2021-05-10,1442,1333,109,415,2606,27144,19486,46630,7658
2021-05-17,1536,1449,87,413,2892,77135,32838,109973,44297
2021-05-24,1680,1583,97,438,2746,88390,18937,107327,69453
2021-05-31,1436,1355,81,429,2600,62890,29374,92264,33516
2021-06-07,2195,2084,111,531,4394,339774,69100,408874,270674
2021-06-14,2130,1952,178,519,3642,81720,30609,112329,51111
2021-06-21,2681,2543,138,623,5143,124478,95956,220434,28522
2021-06-28,1940,1763,177,510,3735,86973,34265,121238,52708
2021-07-05,1201,1052,149,327,2198,30005,17594,47599,12411
2021-07-12,812,700,112,254,1308,15092,9270,24362,5822
2021-07-19,1061,995,66,340,1638,33073,17314,50387,15759
2021-07-26,1540,1440,100,496,2876,51668,23284,74952,28384
2021-08-02,1621,1530,91,406,4173,159827,74112,233939,85715
2021-08-09,1646,1545,101,455,3139,60758,36519,97277,24239
2021-08-16,1852,1702,150,436,3489,109778,57162,166940,52616
2021-08-23,1746,1620,126,417,3465,51586,28516,80102,23070
2021-08-30,1630,1456,174,458,3337,85299,46349,131648,38950
2021-09-06,1015,849,166,299,1413,25896,8815,34711,17081
2021-09-13,1098,993,105,291,2054,35167,13481,48648,21686
2021-09-20,1570,1499,71,459,2723,56676,28512,85188,28164
2021-09-27,1535,1451,84,403,2598,49878,26511,76389,23367
2021-10-04,1768,1683,85,476,3653,119795,38822,158617,80973
2021-10-11,1647,1500,147,487,2999,69803,29693,99496,40110
2021-10-18,2140,2023,117,472,4507,172604,33230,205834,139374
2021-10-25,2615,2450,165,561,5082,82571,50593,133164,31978
2021-11-01,1932,1724,208,508,3317,74422,27284,101706,47138
2021-11-08,1182,1007,175,390,2001,25802,14287,40089,11515
2021-11-15,1125,1010,115,372,2284,55025,41716,96741,13309
2021-11-22,1667,1560,107,524,3058,54663,20746,75409,33917
2021-11-29,1378,1280,98,410,2626,48017,28000,76017,20017
2021-12-06,1402,1331,71,441,2491,41257,16563,57820,24694
2021-12-13,1864,1742,122,508,3750,66964,28756,95720,38208
2021-12-20,2085,1901,184,547,3920,113612,44925,158537,68687
2021-12-27,1121,1040,81,352,2075,47418,12917,60335,34501
2022-01-03,781,719,62,226,1446,20932,16692,37624,4240
2022-01-10,1620,1477,143,416,2999,52662,44165,96827,8497
2022-01-17,1067,903,164,325,2178,32955,17015,49970,15940
2022-01-24,1181,1092,89,358,2147,40351,19064,59415,21287
2022-01-31,1835,1720,115,537,3167,48108,20181,68289,27927
2022-02-07,1462,1356,106,418,2957,47209,21502,68711,25707
2022-02-14,1845,1713,132,476,3620,71208,31921,103129,39287
2022-02-21,1790,1694,96,479,3760,544964,80160,625124,464804
2022-02-28,2223,2048,175,558,4014,77244,36499,113743,40745
2022-03-07,1696,1556,140,484,3516,76614,38283,114897,38331
2022-03-14,1712,1567,145,487,3215,63758,27768,91526,35990
2022-03-21,1657,1521,136,437,4041,87217,51737,138954,35480
2022-03-28,1112,949,163,328,1714,27196,12288,39484,14908
2022-04-04,1224,1125,99,379,2152,26789,15601,42390,11188
2022-04-11,1711,1611,100,516,3832,65240,39308,104548,25932
2022-04-18,1474,1374,100,429,2750,48584,15686,64270,32898
2022-04-25,2272,2169,103,585,4732,115922,61772,177694,54150
2022-05-02,1805,1698,107,500,3318,127595,38840,166435,88755
2022-05-09,2421,2239,182,514,4725,482117,30912,513029,451205
2022-05-16,2071,1946,125,554,4019,89728,35063,124791,54665
2022-05-23,2066,1900,166,563,3730,89794,39662,129456,50132
2022-05-30,816,614,202,276,1080,14013,8439,22452,5574
2022-06-06,1089,986,103,315,2168,408263,10449,418712,397814
2022-06-13,1761,1657,104,454,4084,83992,57750,141742,26242
2022-06-20,1578,1475,103,451,3241,49443,21377,70820,28066
2022-06-27,1792,1687,105,472,3440,43898,21306,65204,22592
2022-07-04,1675,1560,115,450,3279,55402,34164,89566,21238
2022-07-11,2142,1999,143,504,4346,89071,66117,155188,22954
2022-07-18,2428,2265,163,585,4698,385184,41179,426363,344005
2022-07-25,1936,1812,124,460,3841,93676,42860,136536,50816
2022-08-01,1630,1500,130,466,3556,156103,38917,195020,117186
2022-08-08,788,594,194,241,1365,16120,11055,27175,5065
2022-08-15,1054,974,80,334,1715,118445,15909,134354,102536
2022-08-22,1099,1024,75,399,2693,33808,30636,64444,3172
2022-08-29,1601,1490,111,468,3539,61823,22362,84185,39461
2022-09-05,1742,1632,110,496,3358,143833,30481,174314,113352
2022-09-12,1503,1410,93,447,2800,46184,22399,68583,23785
2022-09-19,1648,1591,57,463,2811,62144,21168,83312,40976
2022-09-26,2627,2432,195,593,4612,89281,48990,138271,40291
2022-10-03,2553,2380,173,648,4936,153341,34294,187635,119047
2022-10-10,1042,852,190,296,1712,58429,12845,71274,45584
2022-10-17,1127,1029,98,345,1950,36519,13831,50350,22688
2022-10-24,1601,1493,108,474,2702,57132,29526,86658,27606
2022-10-31,1577,1466,111,446,2822,51110,22629,73739,28481
2022-11-07,1469,1382,87,457,2594,50568,22714,73282,27854
2022-11-14,1963,1847,116,563,4956,123363,74853,198216,48510
2022-11-21,2168,2014,154,555,4182,85614,29077,114691,56537
2022-11-28,2379,2228,151,556,3893,81690,30741,112431,50949
2022-12-05,2310,2165,145,547,4853,156888,38675,195563,118213
2022-12-12,2154,1931,223,538,3498,64093,31374,95467,32719
2022-12-19,776,606,170,253,1746,16999,27504,44503,-10505
2022-12-26,469,412,57,178,963,104838,128216,233054,-23378
2023-01-02,1017,962,55,297,1638,36809,14677,51486,22132
2023-01-09,1128,1058,70,348,1995,36789,19229,56018,17560
2023-01-16,1835,1721,114,466,3813,83611,143423,227034,-59812
2023-01-23,2434,2301,133,570,5466,121921,124622,246543,-2701
2023-01-30,2064,1902,162,487,4256,75507,28599,104106,46908
2023-02-06,2359,2197,162,588,4291,81870,55769,137639,26101
2023-02-13,2032,1909,123,494,3664,70998,34875,105873,36123
2023-02-20,1534,1392,142,443,3324,70954,48603,119557,22351
2023-02-27,847,638,209,318,1083,15569,11093,26662,4476
2023-03-06,947,858,89,286,1587,29080,12146,41226,16934
2023-03-13,1590,1501,89,446,3455,61557,87839,149396,-26282
2023-03-20,2364,2240,124,544,4592,82901,47511,130412,35390
2023-03-27,1986,1865,121,508,3744,68654,38728,107382,29926
2023-04-03,1773,1653,120,481,3306,180068,24399,204467,155669
2023-04-10,1927,1816,111,457,3906,75446,33464,108910,41982
2023-04-17,2394,2220,174,526,4388,241522,174062,415584,67460
2023-04-24,2161,1981,180,543,3717,72599,40599,113198,32000
2023-05-01,702,531,171,248,919,16975,5032,22007,11943
2023-05-08,869,786,83,299,1481,19682,8541,28223,11141
2023-05-15,1174,1101,73,371,2150,41564,15289,56853,26275
2023-05-22,1236,1150,86,374,2516,49458,26242,75700,23216
2023-05-29,1732,1627,105,393,3653,69595,25703,95298,43892
2023-06-05,1536,1416,120,418,2980,60370,23362,83732,37008
2023-06-12,3077,2935,142,680,6431,170688,44862,215550,125826
2023-06-19,2456,2351,105,591,4456,77593,26591,104184,51002
2023-06-26,1709,1482,227,447,5409,45587,25513,71100,20074
2023-07-03,769,595,174,231,1212,23685,7123,30808,16562
2023-07-10,943,858,85,309,1440,28442,7191,35633,21251
2023-07-17,1425,1337,88,420,2939,55711,19448,75159,36263
2023-07-24,1526,1415,111,400,3386,54424,20757,75181,33667
2023-07-31,2157,2036,121,540,4241,61315,31107,92422,30208
2023-08-07,1737,1630,107,482,3363,55638,21565,77203,34073
2023-08-14,2358,2195,163,524,4681,81034,42513,123547,38521
2023-08-21,2569,2448,121,586,5294,79164,46586,125750,32578
2023-08-28,1749,1568,181,432,3328,69290,35439,104729,33851
2023-09-04,958,753,205,271,1609,249842,11224,261066,238618
2023-09-11,1127,1037,90,337,2607,55891,78820,134711,-22929
2023-09-18,1474,1360,114,392,2540,70302,14747,85049,55555
2023-09-25,1801,1723,78,421,3460,58832,19760,78592,39072
2023-10-02,1688,1596,92,431,2766,56170,31805,87975,24365
2023-10-09,2237,2126,111,583,4259,84844,32568,117412,52276
2023-10-16,2394,2228,166,542,4251,73345,60197,133542,13148
2023-10-23,4758,4603,155,577,12563,265347,144847,410194,120500
2023-10-30,1754,1586,168,441,3413,60654,82101,142755,-21447
2023-11-06,968,770,198,265,1981,31770,12655,44425,19115
2023-11-13,789,704,85,275,1387,22518,10042,32560,12476
2023-11-20,1186,1109,77,379,2190,50990,13768,64758,37222
2023-11-27,1412,1337,75,400,2590,71873,16066,87939,55807
2023-12-04,1515,1424,91,435,2804,49003,17219,66222,31784
2023-12-11,2555,2411,144,609,4490,111558,72061,183619,39497
2023-12-18,2432,2292,140,593,4871,155743,27932,183675,127811
2023-12-25,2381,2230,151,401,5545,86667,44463,131130,42204
2024-01-01,886,861,25,173,1987,37464,15511,52975,21953
2024-01-08,1303,1150,153,388,2556,39945,24380,64325,15565
2024-01-15,879,710,169,290,1332,17926,14381,32307,3545
2024-01-22,1107,984,123,345,1794,28049,9272,37321,18777
2024-01-29,1569,1476,93,513,2860,54413,51454,105867,2959
2024-02-05,1653,1541,112,487,2945,50690,21438,72128,29252
2024-02-12,1987,1876,111,490,3808,92443,28325,120768,64118
2024-02-19,2063,1953,110,475,4001,71199,32082,103281,39117
2024-02-26,2696,2559,137,593,5024,163211,39917,203128,123294
2024-03-04,1933,1752,181,472,3475,138429,28302,166731,110127
2024-03-11,1929,1737,192,517,3317,93192,21969,115161,71223
2024-03-18,963,759,204,289,1454,23354,9995,33349,13359
2024-03-25,1177,1080,97,374,2072,31787,13831,45618,17956
2024-04-01,1223,1111,112,418,2231,34055,29628,63683,4427
2024-04-08,1714,1588,126,473,2818,46950,19702,66652,27248
2024-04-15,2051,1930,121,527,3920,80441,27717,108158,52724
2024-04-22,1561,1458,103,432,2848,79207,73536,152743,5671
2024-04-29,2585,2400,185,577,5173,325318,38132,363450,287186
2024-05-06,2341,2204,137,581,4879,167861,43381,211242,124480
2024-05-13,1859,1682,177,458,3865,50713,26347,77060,24366
2024-05-20,940,753,187,290,1582,31256,17317,48573,13939
2024-05-27,974,874,100,316,1822,34717,13790,48507,20927
2024-06-03,1463,1360,103,426,2569,51516,18142,69658,33374
2024-06-10,1496,1401,95,427,2765,51060,31123,82183,19937
2024-06-17,1676,1582,94,500,3151,68822,24403,93225,44419
2024-06-24,1819,1689,130,498,3927,163449,26053,189502,137396
2024-07-01,2115,1962,153,566,3958,96881,30645,127526,66236
2024-07-08,2027,1874,153,541,3631,63909,31698,95607,32211
2024-07-15,2129,1921,208,492,4175,72469,36745,109214,35724
2024-07-22,663,458,205,181,923,10142,6677,16819,3465
2024-07-29,1176,1069,107,375,2352,38703,22848,61551,15855
2024-08-05,1498,1402,96,437,2369,52309,33772,86081,18537
2024-08-12,1271,1179,92,389,2427,37809,17037,54846,20772
2024-08-19,1509,1396,113,456,2567,54233,40608,94841,13625
2024-08-26,1534,1442,92,512,2678,52721,15250,67971,37471
2024-09-02,2333,2198,135,649,4081,90116,32806,122922,57310
2024-09-09,2528,2317,211,628,4811,101008,39950,140958,61058
2024-09-16,1766,1548,218,461,2958,54860,28028,82888,26832
2024-09-23,771,605,166,248,1546,18518,7234,25752,11284
2024-09-30,996,896,100,294,2008,27628,15340,42968,12288
2024-10-07,1615,1497,118,477,4749,57878,26303,84181,31575
2024-10-14,1679,1564,115,517,3870,91402,109038,200440,-17636
2024-10-21,1778,1658,120,546,3457,66408,56519,122927,9889
2024-10-28,1784,1702,82,499,3564,88086,27354,115440,60732
2024-11-04,1933,1801,132,548,3985,69274,63731,133005,5543
2024-11-11,2374,2218,156,598,5718,100239,35925,136164,64314
2024-11-18,1592,1375,217,525,2747,44743,16861,61604,27882
2024-11-25,767,582,185,279,1159,21661,7075,28736,14586
2024-12-02,879,757,122,277,2866,28033,19587,47620,8446
2024-12-09,1239,1144,95,452,2251,37747,15673,53420,22074
2024-12-16,1706,1584,122,490,3165,84704,24114,108818,60590
2024-12-23,1908,1792,116,498,4132,74964,27480,102444,47484
2024-12-30,693,660,33,221,1091,34619,7707,42326,26912
2025-01-06,684,628,56,274,1248,37518,10809,48327,26709
2025-01-13,2303,2154,149,688,4169,90553,31355,121908,59198
2025-01-20,1718,1495,223,481,3041,45393,19019,64412,26374
2025-01-27,1034,853,181,292,1811,28800,16205,45005,12595
2025-02-03,845,750,95,309,1558,22638,24598,47236,-1960
2025-02-10,1385,1279,106,381,2821,75678,24387,100065,51291
2025-02-17,1776,1660,116,491,3475,170236,42784,213020,127452
2025-02-24,1807,1691,116,534,3370,49049,23117,72166,25932
2025-03-03,2115,1988,127,530,3885,90358,39635,129993,50723
2025-03-10,2454,2299,155,612,4654,109737,32764,142501,76973
2025-03-17,2451,2298,153,582,4686,120991,55311,176302,65680
2025-03-24,1956,1755,201,515,3753,61586,31794,93380,29792
2025-03-31,1196,964,232,327,1916,42753,28972,71725,13781
2025-04-07,1165,1039,126,375,2864,29708,22351,52059,7357
2025-04-14,1771,1654,117,478,3296,63590,49966,113556,13624
2025-04-21,1609,1504,105,415,2860,75187,19884,95071,55303
2025-04-28,2250,2118,132,555,4051,79665,46748,126413,32917
2025-05-05,1448,1354,94,456,3091,55663,34414,90077,21249
2025-05-12,2238,2069,169,580,4590,100444,33222,133666,67222
2025-05-19,2248,2119,129,620,4851,106214,41966,148180,64248
2025-05-26,2038,1815,223,509,3868,76958,26158,103116,50800
2025-06-02,963,789,174,301,1541,21277,8358,29635,12919
2025-06-09,910,760,150,325,2301,27325,13216,40541,14109
2025-06-16,1376,1292,84,415,2561,49689,17827,67516,31862
2025-06-23,1945,1811,134,546,3741,56933,71803,128736,-14870
2025-06-30,1831,1728,103,523,3470,49755,23954,73709,25801
2025-07-07,1693,1569,124,436,3512,79364,33969,113333,45395
2025-07-14,2294,2155,139,560,4448,113160,48295,161455,64865
2025-07-21,1960,1793,167,556,3578,57077,23795,80872,33282
2025-07-28,1710,1504,206,484,3318,62707,23231,85938,39476
2025-08-04,763,525,238,249,942,16875,6189,23064,10686
2025-08-11,799,731,68,320,1459,25942,11187,37129,14755
2025-08-18,1460,1376,84,440,2507,41058,22120,63178,18938
2025-08-25,1526,1404,122,471,2509,55089,19052,74141,36037
2025-09-01,1637,1527,110,455,3289,67675,40114,107789,27561
2025-09-08,2025,1926,99,551,3593,85987,39546,125533,46441
2025-09-15,2556,2376,180,687,5043,118496,39185,157681,79311
2025-09-22,2412,2247,165,603,4460,122634,34111,156745,88523
2025-09-29,1788,1588,200,458,3643,56456,140623,197079,-84167
2025-10-06,927,672,255,256,1379,31948,11068,43016,20880
2025-10-13,930,853,77,337,1565,44629,13505,58134,31124
2025-10-20,1741,1643,98,510,3274,59918,22198,82116,37720
2025-10-27,1409,1302,107,464,2367,54467,15470,69937,38997
2025-11-03,1661,1545,116,490,3518,75567,34196,109763,41371
2025-11-10,1846,1716,130,545,3536,82925,37580,120505,45345
2025-11-17,2686,2532,154,620,4888,107394,36538,143932,70856
2025-11-24,2373,2186,187,587,4962,169061,31778,200839,137283
2025-12-01,1749,1551,198,486,3337,53641,21848,75489,31793
2025-12-08,1148,898,250,306,1809,126708,12484,139192,114224
2025-12-15,844,760,84,290,1231,22339,9412,31751,12927
2025-12-22,1150,1072,78,449,1846,40851,9962,50813,30889
2025-12-29,678,632,46,257,1043,24765,9303,34068,15462
2026-01-05,1049,1008,41,349,1856,57579,11211,68790,46368
2026-01-12,1752,1654,98,533,3268,71348,27880,99228,43468
2026-01-19,2349,2191,158,658,3993,78185,28902,107087,49283
2026-01-26,2175,2000,175,603,4613,85244,34831,120075,50413
2026-02-02,1958,1779,179,551,3603,57675,36657,94332,21018
2026-02-09,1744,1543,201,481,3360,73478,41650,115128,31828
2026-02-16,806,618,188,250,1219,38786,14670,53456,24116
2026-02-23,1116,1021,95,403,18085,218901,65361,284262,153540
2026-03-02,1605,1499,106,526,2899,57544,23543,81087,34001
2026-03-09,2019,1880,139,571,3539,62343,23487,85830,38856
2026-03-16,1898,1751,147,598,3291,61148,34381,95529,26767
2026-03-23,1907,1779,128,607,3143,68557,22280,90837,46277
2026-03-30,2996,2821,175,776,5585,139200,46385,185585,92815
2026-04-06,2410,2230,180,654,4537,72517,41255,113772,31262
2026-04-13,2059,1789,270,553,3359,80506,32215,112721,48291
2026-04-20,1208,990,218,319,2324,39968,21468,61436,18500
2026-04-27,1255,1124,131,447,2180,97078,151664,248742,-54586
2026-05-04,1398,1315,83,452,2710,43036,23949,66985,19087
2026-05-11,2212,2069,143,612,4387,132341,53425,185766,78916
2026-05-18,1525,1413,112,512,2612,53734,16154,69888,37580
2026-05-25,2228,2063,165,678,4120,90395,42397,132792,47998
2026-06-01,2526,2383,143,682,5111,106355,32803,139158,73552
2026-06-08,2709,2549,160,689,5071,192733,36878,229611,155855
2026-06-15,2527,2234,293,671,5012,132484,46249,178733,86235
2026-06-22,1355,1191,164,412,2159,45170,29066,74236,16104
2026-06-29,1312,1155,157,386,2127,38959,17904,56863,21055
2026-07-06,2040,1946,94,626,5265,63301,41398,104699,21903
2026-07-13,2117,1998,119,650,3482,83222,20963,104185,62259
2026-07-20,2257,2161,96,661,3916,133445,25374,158819,108071
2026-07-27,2137,1970,167,687,3419,67966,20411,88377,47555
2026-08-03,3412,3238,174,915,5985,146971,42731,189702,104240
2026-08-10,3085,2861,224,797,5522,245229,52233,297462,192996
2026-08-17,1718,1558,160,532,2892,63082,23627,86709,39455
2026-08-24,1042,746,296,344,1123,21347,5367,26714,15980
2026-08-31,638,555,83,254,921,11176,5065,16241,6111
2026-09-07,415,359,56,197,752,6636,2465,9101,4171
2026-09-14,2,0,2,1,0,0,0,0,0
